Date,Open,High,Low,Close,Volume,Dividends,Stock Splits,daily_return,cum_return,middle_band,upper_band,lower_band,Conversion,Baseline,SpanA,SpanB,Lagging
2022-09-23 00:00:00-04:00,6.0,7.639999866485596,6.0,7.300000190734863,3344500,0.0,0.0,,,,,,,,,,16.56999969482422
2022-09-26 00:00:00-04:00,7.699999809265137,8.5,7.400000095367432,8.449999809265137,1415600,0.0,0.0,0.15753419020315218,1.1575341902031522,,,,,,,,16.760000228881836
2022-09-27 00:00:00-04:00,8.600000381469727,8.843999862670898,8.0,8.119999885559082,840600,0.0,0.0,-0.03905324629051721,1.1123287223834541,,,,,,,,14.6899995803833
2022-09-28 00:00:00-04:00,8.239999771118164,8.5,7.260000228881836,7.599999904632568,1088800,0.0,0.0,-0.06403940742059633,1.0410958501451086,,,,,,,,14.789999961853027
2022-09-29 00:00:00-04:00,7.28000020980835,7.28000020980835,6.179999828338623,6.760000228881836,1061000,0.0,0.0,-0.11052627451201835,0.9260274044186473,,,,,,,,15.470000267028809
2022-09-30 00:00:00-04:00,6.75,7.199999809265137,6.260000228881836,6.300000190734863,722500,0.0,0.0,-0.06804734061718531,0.8630137022093236,,,,,,,,15.68000030517578
2022-10-03 00:00:00-04:00,6.389999866485596,7.440000057220459,5.539999961853027,7.0,1788600,0.0,0.0,0.11111107747180649,0.9589040845347343,,,,,,,,15.56999969482422
2022-10-04 00:00:00-04:00,7.300000190734863,8.5,7.099999904632568,8.300000190734863,11465700,0.0,0.0,0.18571431296212326,1.1369862977906762,,,,,,,,14.739999771118164
2022-10-05 00:00:00-04:00,8.649999618530273,12.5600004196167,8.25,12.25,16067500,0.0,0.0,0.4759035805414136,1.6780821479357848,,,,9.050000190734863,,,,15.760000228881836
2022-10-06 00:00:00-04:00,12.710000038146973,14.34000015258789,11.079999923706056,13.18000030517578,9684900,0.0,0.0,0.07591839225924724,1.8054794466860138,,,,9.940000057220459,,,,16.270000457763672
2022-10-07 00:00:00-04:00,13.359999656677246,13.600000381469728,12.75,12.890000343322754,2096000,0.0,0.0,-0.022003031497589753,1.7657534255523306,,,,9.940000057220459,,,,15.920000076293944
2022-10-10 00:00:00-04:00,12.5,12.510000228881836,10.329999923706056,10.9399995803833,1959000,0.0,0.0,-0.15128011722277324,1.4986300403482606,,,,9.940000057220459,,,,15.739999771118164
2022-10-11 00:00:00-04:00,11.050000190734863,12.0,11.0,11.789999961853027,976800,0.0,0.0,0.07769656435763284,1.6150684457264612,,,,9.940000057220459,,,,14.56999969482422
2022-10-12 00:00:00-04:00,12.210000038146973,12.694000244140623,10.81999969482422,11.09000015258789,1261300,0.0,0.0,-0.05937233346310533,1.5191780634010505,,,,9.940000057220459,,,,14.300000190734863
2022-10-13 00:00:00-04:00,10.729999542236328,11.479999542236328,10.699999809265137,11.0,798700,0.0,0.0,-0.008115432944055367,1.5068492756974394,,,,9.940000057220459,,,,14.100000381469728
2022-10-14 00:00:00-04:00,11.109999656677246,11.25,10.59000015258789,10.880000114440918,740300,0.0,0.0,-0.010909080505371094,1.490410935639396,,,,10.72000002861023,,,,14.34000015258789
2022-10-17 00:00:00-04:00,11.239999771118164,11.449999809265137,10.109999656677246,10.350000381469728,807100,0.0,0.0,-0.04871321023864017,1.4178082343896257,,,,11.295000076293945,,,,15.34000015258789
2022-10-18 00:00:00-04:00,10.279999732971191,10.789999961853027,9.960000038146973,10.479999542236328,736000,0.0,0.0,0.012560304925142374,1.435616338138937,,,,12.150000095367432,,,,15.40999984741211
2022-10-19 00:00:00-04:00,9.779999732971191,12.645000457763672,9.449999809265137,12.399999618530272,2219300,0.0,0.0,0.18320612215258114,1.6986300403482604,,,,11.525000095367432,,,,15.850000381469728
2022-10-20 00:00:00-04:00,12.149999618530272,14.289999961853027,11.770000457763672,11.960000038146973,2228700,0.0,0.0,-0.035483838219299124,1.6383561268021012,9.95200002193451,14.34736442047279,5.55663562339623,11.869999885559082,,,,14.40999984741211
2022-10-21 00:00:00-04:00,13.010000228881836,15.329999923706056,12.710000038146973,14.079999923706056,10767100,0.0,0.0,0.1772575149496025,1.9287670624414974,10.291000008583069,14.860231737845854,5.721768279320282,12.389999866485596,,,,15.399999618530272
2022-10-24 00:00:00-04:00,13.989999771118164,15.449999809265137,13.800000190734863,14.550000190734863,3972800,0.0,0.0,0.03338070096417267,1.9931506589824028,10.596000027656554,15.442025151109512,5.749974904203596,12.449999809265137,,,,15.81999969482422
2022-10-25 00:00:00-04:00,14.119999885559082,14.979999542236328,13.998000144958496,14.40999984741211,982500,0.0,0.0,-0.009622016597079064,1.973972530261195,10.910500025749206,15.889015618599123,5.93198443289929,12.449999809265137,,,,16.530000686645508
2022-10-26 00:00:00-04:00,14.970000267028809,15.109999656677246,13.119999885559082,13.609999656677246,1244000,0.0,0.0,-0.05551701590604352,1.8643834659005913,11.211000013351441,16.077004512396176,6.3449955143067065,12.449999809265137,,,,16.739999771118164
2022-10-27 00:00:00-04:00,13.979999542236328,14.880000114440918,13.75,13.829999923706056,802300,0.0,0.0,0.016164604891879986,1.8945204879938282,11.564499998092652,16.098137886317616,7.030862109867686,12.449999809265137,,,,16.31999969482422
2022-10-28 00:00:00-04:00,14.390000343322754,15.329999923706056,14.06999969482422,15.329999923706056,1053000,0.0,0.0,0.10845987044648098,2.099999934679843,12.01599998474121,16.138221062546165,7.893778906936253,12.449999809265137,10.494999885559082,,,15.970000267028809
2022-10-31 00:00:00-04:00,15.479999542236328,16.729999542236328,15.399999618530272,16.56999969482422,980100,0.0,0.0,0.08088713485253485,2.2698629125866057,12.494499969482423,16.389738425136418,8.599261513828427,13.089999675750732,11.134999752044678,,,16.40999984741211
2022-11-01 00:00:00-04:00,16.8700008392334,17.389999389648438,16.360000610351562,16.760000228881836,891500,0.0,0.0,0.011466538174829566,2.29589038232541,12.91749997138977,16.734668996350617,9.100330946428922,14.579999923706055,11.464999675750732,,,15.029999732971191
2022-11-02 00:00:00-04:00,16.989999771118164,17.239999771118164,14.470000267028809,14.6899995803833,934800,0.0,0.0,-0.1235083902285029,2.0123286570632963,13.039499950408935,16.919671932384375,9.159327968433496,15.049999713897705,11.464999675750732,,,15.43000030517578
2022-11-03 00:00:00-04:00,14.670000076293944,15.039999961853027,14.359999656677246,14.789999961853027,737200,0.0,0.0,0.006807378102533512,2.0260273390984898,13.119999933242799,17.075388373916784,9.164611492568813,15.25499963760376,11.464999675750732,,,16.239999771118164
2022-11-04 00:00:00-04:00,14.760000228881836,15.640000343322754,14.65999984741211,15.470000267028809,590100,0.0,0.0,0.04597703224676586,2.1191780634010504,13.2489999294281,17.33356856278008,9.16443129607612,15.25499963760376,11.464999675750732,,,15.4399995803833
2022-11-07 00:00:00-05:00,15.890000343322754,16.238000869750977,15.401000022888184,15.68000030517578,1062500,0.0,0.0,0.01357466286503839,2.1479451911627048,13.485999965667725,17.55705479365335,9.4149451376821,15.25499963760376,11.464999675750732,,,15.710000038146973
2022-11-08 00:00:00-05:00,15.829999923706056,16.010000228881836,15.079999923706056,15.56999969482422,741500,0.0,0.0,-0.007015344911393218,2.13287661479593,13.674999952316284,17.764691648264183,9.585308256368386,15.569999694824219,12.244999647140503,,,14.81999969482422
2022-11-09 00:00:00-05:00,15.210000038146973,15.25,14.640000343322754,14.739999771118164,683300,0.0,0.0,-0.05330763904780067,2.019177998080894,13.857499933242797,17.79058366794917,9.924416198536424,15.729999542236328,12.819999694824219,,,15.09000015258789
2022-11-10 00:00:00-05:00,15.18000030517578,15.774999618530272,14.470000267028809,15.760000228881836,1141000,0.0,0.0,0.06919948938956422,2.1589040845347345,14.095499944686889,17.879806833186525,10.311193056187255,15.874999523162842,13.419999599456787,,,14.039999961853027
2022-11-11 00:00:00-05:00,15.3100004196167,17.3799991607666,15.18000030517578,16.270000457763672,1082100,0.0,0.0,0.03236042014436058,2.2287671277616545,14.364999961853027,17.955653761016855,10.7743461626892,15.874999523162842,13.419999599456787,,,14.109999656677246
2022-11-14 00:00:00-05:00,16.280000686645508,16.6200008392334,15.649999618530272,15.920000076293944,638700,0.0,0.0,-0.021512008089877854,2.180821871278792,14.643499946594238,17.7753858762923,11.511614016896175,15.869999408721924,13.419999599456787,,,13.529999732971191
2022-11-15 00:00:00-05:00,16.0,16.604999542236328,15.68000030517578,15.739999771118164,972600,0.0,0.0,-0.011306551778464735,2.1561642958715703,14.90649995803833,17.409937257142232,12.403062658934427,15.869999408721924,13.419999599456787,,,12.880000114440918
2022-11-16 00:00:00-05:00,15.609999656677246,15.8100004196167,14.529999732971191,14.56999969482422,596000,0.0,0.0,-0.07433291571203293,1.995890317005254,15.014999961853027,17.244848377411856,12.785151546294198,15.924999713897705,13.419999599456787,,,13.710000038146973
2022-11-17 00:00:00-05:00,14.34000015258789,14.80799961090088,14.1899995803833,14.300000190734863,1033600,0.0,0.0,-0.01853119490354349,1.9589040845347345,15.131999969482422,16.902082861375714,13.36191707758913,15.784999370574951,13.419999599456787,,,12.609999656677246
2022-11-18 00:00:00-05:00,14.489999771118164,14.489999771118164,13.520000457763672,14.100000381469728,839700,0.0,0.0,-0.013986000461364778,1.9315068511046625,15.132999992370605,16.900699613780272,13.365300370960938,15.449999809265137,13.419999599456787,,,13.06999969482422
2022-11-21 00:00:00-05:00,14.34000015258789,15.270000457763672,14.06999969482422,14.34000015258789,1346600,0.0,0.0,0.01702125990248704,1.9643835312207492,15.122499990463258,16.90652375411774,13.338476226808776,15.449999809265137,13.419999599456787,,,14.369999885559082
2022-11-22 00:00:00-05:00,14.75,15.760000228881836,14.600000381469728,15.34000015258789,828800,0.0,0.0,0.06973500623147011,2.1013698290114253,15.169000005722046,16.92425473042409,13.413745281020002,15.449999809265137,13.419999599456787,,,13.880000114440918
2022-11-23 00:00:00-05:00,15.550000190734863,16.479999542236328,15.149999618530272,15.40999984741211,938400,0.0,0.0,0.004563213437283498,2.1109588280518725,15.259000015258788,16.86165091425913,13.656349116258447,15.449999809265137,13.419999599456787,,,13.5
2022-11-25 00:00:00-05:00,15.279999732971191,16.100000381469727,15.109999656677246,15.850000381469728,430100,0.0,0.0,0.02855292267452625,2.1712328722383463,15.360000038146973,16.838168151079785,13.88183192521416,15.070000648498535,14.579999923706055,,,14.649999618530272
2022-11-28 00:00:00-05:00,15.770000457763672,16.4950008392334,13.949999809265137,14.40999984741211,988000,0.0,0.0,-0.09085176652368587,1.9739725302611961,15.314000034332276,16.849812005735004,13.77818806292955,15.0625,15.049999713897705,,,13.779999732971191
2022-11-29 00:00:00-05:00,14.270000457763672,15.475000381469728,14.270000457763672,15.399999618530272,765200,0.0,0.0,0.06870227492028436,2.10958893372029,15.255500030517577,16.679372893149008,13.831627167886147,15.007500648498535,15.25499963760376,,,14.43000030517578
2022-11-30 00:00:00-05:00,15.449999809265137,16.0,14.81999969482422,15.81999969482422,863200,0.0,0.0,0.02727273290244625,2.1671231892436,15.208500003814697,16.483353238794855,13.933646768834539,15.007500648498535,15.25499963760376,,,14.949999809265137
2022-12-01 00:00:00-05:00,15.899999618530272,16.610000610351562,15.369999885559082,16.530000686645508,868300,0.0,0.0,0.04487996242209635,2.2643835965409065,15.300500059127808,16.675186700784963,13.925813417470655,15.065000534057617,15.25499963760376,,,15.739999771118164
2022-12-02 00:00:00-05:00,16.600000381469727,17.860000610351562,15.949999809265137,16.739999771118164,1572500,0.0,0.0,0.012704118315149948,2.2931505936622467,15.398000049591065,16.887160299499303,13.908839799682825,15.90500020980835,15.690000534057617,,,16.899999618530273
2022-12-05 00:00:00-05:00,16.90999984741211,17.479999542236328,15.90999984741211,16.31999969482422,780600,0.0,0.0,-0.025089610635394388,2.2356163381389376,15.440500020980835,16.983589102245617,13.897410939716051,15.90500020980835,15.690000534057617,,,17.860000610351562
2022-12-06 00:00:00-05:00,16.139999389648438,16.6200008392334,15.550000190734863,15.970000267028809,584100,0.0,0.0,-0.021446043770847023,2.1876712122963893,15.455000019073486,17.012358040175656,13.897641997971315,15.90500020980835,15.690000534057617,11.47249984741211,,18.700000762939453
2022-12-07 00:00:00-05:00,16.0,16.559999465942383,15.520000457763672,16.40999984741211,578300,0.0,0.0,0.02755163262531135,2.247945125842549,15.497000026702882,17.10943874070157,13.884561312704195,15.90500020980835,15.690000534057617,12.112499713897705,,17.219999313354492
2022-12-08 00:00:00-05:00,16.709999084472656,16.790000915527344,15.015000343322754,15.029999732971191,901900,0.0,0.0,-0.08409507174118269,2.058904019214578,15.511500024795533,17.101260761995032,13.921739287596031,15.90500020980835,15.690000534057617,13.022499799728394,,16.829999923706055
2022-12-09 00:00:00-05:00,15.0,15.739999771118164,14.800000190734863,15.43000030517578,789900,0.0,0.0,0.026613478330748785,2.1136986167150367,15.49500002861023,17.080905318570036,13.909094738650424,16.065000534057617,15.690000534057617,13.257499694824219,,17.709999084472656
2022-12-12 00:00:00-05:00,15.5,16.469999313354492,15.300000190734863,16.239999771118164,766600,0.0,0.0,0.05249510368905708,2.224657444766909,15.493499994277954,17.07649286782888,13.910507120727027,16.330000400543213,15.690000534057617,13.359999656677246,,18.440000534057617
2022-12-13 00:00:00-05:00,16.5,16.540000915527344,14.913000106811523,15.4399995803833,964200,0.0,0.0,-0.049261096182871555,2.115068380406305,15.469499969482422,17.04027595656783,13.898723982397016,16.330000400543213,15.690000534057617,13.359999656677246,,19.200000762939453
2022-12-14 00:00:00-05:00,15.1899995803833,16.139999389648438,15.1899995803833,15.710000038146973,673000,0.0,0.0,0.017487076755281272,2.1520547435171387,15.467999982833863,17.03778613609934,13.898213829568387,16.330000400543213,15.690000534057617,13.359999656677246,,18.729999542236328
2022-12-15 00:00:00-05:00,15.649999618530272,15.8100004196167,14.3100004196167,14.81999969482422,1240000,0.0,0.0,-0.05665183584733646,2.030136891452924,15.480499982833862,17.0249903402604,13.936009625407324,15.894999980926514,15.690000534057617,13.90749967098236,,19.13999938964844
2022-12-16 00:00:00-05:00,15.09000015258789,15.239999771118164,14.020000457763672,15.09000015258789,9979800,0.0,0.0,0.018218654745179697,2.0671232545637572,15.519999980926514,16.978837148266148,14.06116281358688,15.405000686645508,15.690000534057617,14.274999618530273,,18.540000915527344
2022-12-19 00:00:00-05:00,15.050000190734863,15.18000030517578,13.699999809265137,14.039999961853027,1397900,0.0,0.0,-0.06958251690638928,1.9232876157554841,15.516999959945679,16.987833293818866,14.046166626072491,15.24500036239624,15.690000534057617,14.647499561309814,,18.809999465942383
2022-12-20 00:00:00-05:00,13.949999809265137,14.510000228881836,13.829999923706056,14.109999656677246,631900,0.0,0.0,0.004985733263134673,1.9328766147959313,15.505499935150146,17.01645374477017,13.994546125530121,15.24500036239624,15.690000534057617,14.647499561309814,,18.57999992370605
2022-12-21 00:00:00-05:00,14.239999771118164,14.395000457763672,13.510000228881836,13.529999732971191,687400,0.0,0.0,-0.0411055944591453,1.853424572528564,15.41499991416931,17.156662510394693,13.67333731794393,15.02500057220459,15.6850004196167,14.644999504089355,,19.09000015258789
2022-12-22 00:00:00-05:00,13.390000343322754,13.40999984741211,12.649999618530272,12.880000114440918,875600,0.0,0.0,-0.04804136225858846,1.7643835312207499,15.288499927520752,17.354411027495964,13.222588827545538,14.595000267028809,15.255000114440918,14.644999504089355,,18.81999969482422
2022-12-23 00:00:00-05:00,12.789999961853027,13.850000381469728,12.779999732971191,13.710000038146973,1072900,0.0,0.0,0.06444098729280823,1.8780821479357863,15.181499910354614,17.340604415817733,13.022395404891494,14.595000267028809,15.255000114440918,14.672499656677246,,19.170000076293945
2022-12-27 00:00:00-05:00,13.6899995803833,13.850000381469728,12.505000114440918,12.609999656677246,1067600,0.0,0.0,-0.08023343387374648,1.7273971681099167,15.09149990081787,17.509274238288683,12.673725563347059,14.322499752044678,15.18250036239624,14.60249948501587,,18.190000534057617
2022-12-28 00:00:00-05:00,12.600000381469728,13.199999809265137,12.40999984741211,13.06999969482422,891000,0.0,0.0,0.03647898895091517,1.7904108703192405,14.974999904632568,17.543607787683044,12.406392021582095,14.110000133514404,15.135000228881836,14.434999704360962,,18.07999992370605
2022-12-29 00:00:00-05:00,13.220000267028809,14.649999618530272,13.010000228881836,14.369999885559082,1054900,0.0,0.0,0.09946443925700077,1.9684930835751826,14.902499914169312,17.453211468531272,12.351788359807351,13.824999809265137,15.135000228881836,14.434999704360962,,18.559999465942383
2022-12-30 00:00:00-05:00,14.43000030517578,14.600000381469728,13.31999969482422,13.880000114440918,956300,0.0,0.0,-0.034098801323622974,1.9013698290114265,14.769999885559082,17.242038469212265,12.2979613019059,13.795000076293945,15.135000228881836,14.434999704360962,,18.09000015258789
2023-01-03 00:00:00-05:00,14.050000190734863,14.289999961853027,13.100000381469728,13.5,946800,0.0,0.0,-0.02737752963312745,1.8493150201741317,14.607999897003173,16.963054857974367,12.25294493603198,13.529999732971191,15.135000228881836,14.434999704360962,,17.3799991607666
2023-01-04 00:00:00-05:00,14.1899995803833,15.079999923706056,13.880000114440918,14.649999618530272,1125700,0.0,0.0,0.0851851569281683,2.006849210377284,14.524499893188477,16.743923315650488,12.305076470726465,13.744999885559082,15.135000228881836,14.825000286102295,,16.979999542236328
2023-01-05 00:00:00-05:00,14.34000015258789,14.649999618530272,13.579999923706056,13.779999732971191,955400,0.0,0.0,-0.05938565926368,1.8876711469762333,14.414999866485596,16.552043345078694,12.2779563878925,13.744999885559082,15.135000228881836,15.056249856948853,,17.75
2023-01-06 00:00:00-05:00,13.800000190734863,14.545000076293944,13.34000015258789,14.43000030517578,713700,0.0,0.0,0.04716985375909277,1.9767123189243612,14.31599988937378,16.245416386082418,12.386583392665143,13.744999885559082,15.135000228881836,15.131250143051147,,18.030000686645508
2023-01-09 00:00:00-05:00,14.479999542236328,15.880000114440918,14.449999809265137,14.949999809265137,1272500,0.0,0.0,0.03603600090727954,2.04794512584255,14.311999893188476,16.23574083963651,12.388258946740443,14.144999980926514,15.135000228881836,15.131250143051147,,17.3799991607666
2023-01-10 00:00:00-05:00,14.960000038146973,15.739999771118164,14.699999809265137,15.739999771118164,819700,0.0,0.0,0.052842807487089916,2.156164295871572,14.327499866485596,16.29203225848618,12.36296747448501,14.144999980926514,15.135000228881836,15.160000085830688,,16.34000015258789
2023-01-11 00:00:00-05:00,15.779999732971191,17.25,15.449999809265137,16.899999618530273,2105200,0.0,0.0,0.0736975771461339,2.3150683804063066,14.360499858856201,16.470827964006467,12.250171753705937,15.130000114440918,14.944999694824219,15.797500371932983,,16.510000228881836
2023-01-12 00:00:00-05:00,16.899999618530273,18.190000534057617,16.860000610351562,17.860000610351562,2071700,0.0,0.0,0.056804793697668554,2.4465753621512825,14.481499910354614,17.057306323175066,11.905693497534163,15.645000457763672,15.300000190734863,15.797500371932983,,15.239999771118164
2023-01-13 00:00:00-05:00,17.510000228881836,18.780000686645508,17.500999450683594,18.700000762939453,1530800,0.0,0.0,0.047032481740287846,2.5616438731979008,14.630999946594239,17.767457382394127,11.494542510794352,15.940000534057617,15.595000267028809,15.797500371932983,11.700000286102295,15.1899995803833
2023-01-17 00:00:00-05:00,18.670000076293945,18.684999465942383,17.020000457763672,17.219999313354492,850300,0.0,0.0,-0.07914445931564329,2.3589039538944228,14.750999927520752,18.086741481044015,11.415258373997489,16.0600004196167,15.595000267028809,15.797500371932983,11.700000286102295,15.59000015258789
2023-01-18 00:00:00-05:00,17.5,17.5,16.010000228881836,16.829999923706055,835700,0.0,0.0,-0.022648049082440114,2.30547938136586,14.83799991607666,18.294477900931845,11.381521931221474,16.0600004196167,15.595000267028809,15.797500371932983,11.700000286102295,15.18000030517578
2023-01-19 00:00:00-05:00,16.68000030517578,18.13999938964844,16.190000534057617,17.709999084472656,661800,0.0,0.0,0.05228753207105319,2.426027208458179,15.021499872207642,18.675272858842142,11.367726885573141,16.0600004196167,15.595000267028809,15.877500534057617,11.700000286102295,15.210000038146973
2023-01-20 00:00:00-05:00,17.959999084472656,18.56999969482422,17.309999465942383,18.440000534057617,1233200,0.0,0.0,0.041219733897388755,2.52602740441865,15.23799991607666,19.15658967528171,11.319410156871609,16.615000247955322,15.595000267028809,16.010000467300415,11.700000286102295,15.279999732971191
2023-01-23 00:00:00-05:00,18.440000534057617,20.0,18.270000457763672,19.200000762939453,1526400,0.0,0.0,0.04121476176088823,2.6301370220932396,15.521499967575073,19.71844602661211,11.324553908538036,17.34999990463257,16.204999923706055,16.010000467300415,11.700000286102295,15.239999771118164
2023-01-24 00:00:00-05:00,19.51000022888184,19.950000762939453,17.649999618530273,18.729999542236328,923100,0.0,0.0,-0.024479229272237224,2.56575329491202,15.813999938964844,20.049449951271434,11.578549926658255,17.72499990463257,16.204999923706055,16.010000467300415,11.700000286102295,14.399999618530272
2023-01-25 00:00:00-05:00,18.299999237060547,19.290000915527344,18.010000228881836,19.13999938964844,617900,0.0,0.0,0.021890008405369032,2.6219176561037476,16.085499906539916,20.442400131234237,11.728599681845596,18.005000114440918,16.204999923706055,15.792500257492065,12.480000257492065,14.359999656677246
2023-01-26 00:00:00-05:00,19.5,19.6299991607666,17.920000076293945,18.540000915527344,493000,0.0,0.0,-0.03134788366010066,2.5397260864538436,16.381999969482422,20.55368059029356,12.210319348671284,18.005000114440918,16.204999923706055,15.547500610351562,13.055000305175781,14.220000267028809
2023-01-27 00:00:00-05:00,18.540000915527344,20.06999969482422,18.21999931335449,18.809999465942383,743000,0.0,0.0,0.014563027890085678,2.576712188284049,16.66899995803833,20.674482916612092,12.66351699946457,18.039999961853027,16.239999771118164,15.467500448226929,13.65500020980835,13.699999809265137
2023-01-30 00:00:00-05:00,18.3799991607666,19.14900016784668,18.31999969482422,18.57999992370605,871700,0.0,0.0,-0.012227514554307706,2.5452054024995436,16.87949995994568,20.820875335403493,12.938124584487866,18.039999961853027,16.239999771118164,15.467500448226929,13.65500020980835,14.06999969482422
2023-01-31 00:00:00-05:00,18.489999771118164,19.31999969482422,18.399999618530277,19.09000015258789,798600,0.0,0.0,0.027448882183854773,2.615068445726464,17.13999996185303,20.938537758641136,13.341462165064922,18.130000114440918,16.239999771118164,15.355000495910645,13.65500020980835,13.520000457763672
2023-02-01 00:00:00-05:00,19.06999969482422,19.3799991607666,18.51000022888184,18.81999969482422,814100,0.0,0.0,-0.014143554510504752,2.578082082615631,17.40599994659424,20.875077180268384,13.936922712920094,18.6899995803833,16.239999771118164,14.925000190734863,13.65500020980835,
2023-02-02 00:00:00-05:00,19.190000534057617,20.56999969482422,18.36000061035156,19.170000076293945,1495000,0.0,0.0,0.018597257552877666,2.626027339098493,17.631999969482422,20.936749687300754,14.327250251664092,19.109999656677246,16.489999771118164,14.925000190734863,13.65500020980835,
2023-02-03 00:00:00-05:00,18.88999938964844,19.65999984741211,18.149999618530277,18.190000534057617,704100,0.0,0.0,-0.05112151999666492,2.4917808299709807,17.852500009536744,20.64313557384236,15.061864445231127,19.109999656677246,16.489999771118164,14.752500057220459,13.65500020980835,
2023-02-06 00:00:00-05:00,18.190000534057617,18.600000381469727,17.93000030517578,18.07999992370605,534300,0.0,0.0,-0.006047312101261859,2.4767122536042048,18.034999990463255,20.3361042306682,15.73389575025831,19.244999885559082,16.789999961853027,14.62250018119812,13.65500020980835,
2023-02-07 00:00:00-05:00,18.059999465942383,18.56999969482422,17.549999237060547,18.559999465942383,914400,0.0,0.0,0.026548647359614597,2.542465613836379,18.21549997329712,20.03065244621695,16.40034750037729,19.059999465942383,16.835000038146973,14.480000019073486,13.65500020980835,
2023-02-08 00:00:00-05:00,18.459999084472656,18.670000076293945,17.950000762939453,18.09000015258789,687600,0.0,0.0,-0.025323239594750024,2.4780821479357873,18.332999992370606,19.748307687692975,16.917692297048237,19.059999465942383,16.835000038146973,14.46500015258789,13.65500020980835,
2023-02-09 00:00:00-05:00,18.26000022888184,18.299999237060547,17.170000076293945,17.3799991607666,981100,0.0,0.0,-0.03924825792329911,2.3808217406384804,18.356999969482423,19.687113948647468,17.02688599031738,18.869999885559082,16.954999923706055,14.332499980926514,13.65500020980835,
2023-02-10 00:00:00-05:00,17.229999542236328,17.510000228881836,16.43000030517578,16.979999542236328,1014700,0.0,0.0,-0.02301493888637396,2.3260272737783354,18.31299991607666,19.76034558097138,16.86565425118194,18.5,16.954999923706055,14.440000057220459,14.815000534057617,
2023-02-13 00:00:00-05:00,16.979999542236328,17.75,16.610000610351562,17.75,650900,0.0,0.0,0.04534749579046582,2.431506785784507,18.265499877929688,19.721347255713127,16.80965250014625,18.5,16.954999923706055,14.440000057220459,15.135000228881836,
2023-02-14 00:00:00-05:00,17.670000076293945,18.21999931335449,17.315000534057617,18.030000686645508,650200,0.0,0.0,0.01577468657157799,2.4698630432269226,18.305999946594238,19.685516022516993,16.926483870671483,18.5,17.509999752044678,14.440000057220459,15.135000228881836,
2023-02-15 00:00:00-05:00,17.739999771118164,17.90999984741211,16.989999771118164,17.3799991607666,531400,0.0,0.0,-0.03605110932471289,2.380821740638481,18.333499908447266,19.611347420216905,17.055652396677626,18.045000076293945,17.634999752044678,14.640000104904175,15.135000228881836,
2023-02-16 00:00:00-05:00,16.790000915527344,17.25,16.31999969482422,16.34000015258789,731800,0.0,0.0,-0.05983884110457216,2.238356126802104,18.26499996185303,19.794322463914625,16.735677459791432,17.494999885559082,18.009999752044678,14.640000104904175,15.135000228881836,
2023-02-17 00:00:00-05:00,16.3799991607666,16.75,16.0,16.510000228881836,659100,0.0,0.0,0.010403921340663036,2.261643807877744,18.16849994659424,19.876635443541215,16.460364449647262,17.335000038146973,18.28499984741211,15.037499904632568,15.135000228881836,
2023-02-21 00:00:00-05:00,16.229999542236328,16.549999237060547,15.1899995803833,15.239999771118164,1126400,0.0,0.0,-0.0769231035831236,2.087671146976234,17.970499897003172,20.038848400117637,15.90215139388871,16.929999828338623,17.87999963760376,15.472500324249268,15.300000190734863,
2023-02-22 00:00:00-05:00,15.4399995803833,15.970000267028809,14.899999618530272,15.1899995803833,1111200,0.0,0.0,-0.0032808524596975586,2.0808218059586374,17.79349989891052,20.15949025323591,15.427509544585135,16.59999942779541,17.734999656677246,15.767500400543213,15.595000267028809,
2023-02-23 00:00:00-05:00,15.239999771118164,15.869999885559082,15.1899995803833,15.59000015258789,912500,0.0,0.0,0.026333152287980166,2.135616403459096,17.615999937057495,20.082908319209665,15.149091554905324,16.55999946594238,17.734999656677246,15.827500343322754,15.595000267028809,
2023-02-24 00:00:00-05:00,15.359999656677246,15.59000015258789,15.0600004196167,15.18000030517578,676100,0.0,0.0,-0.026298899512457785,2.079452042267369,17.447999906539916,20.09350392450837,14.802495888571464,16.55999946594238,17.734999656677246,15.827500343322754,15.595000267028809,
2023-02-27 00:00:00-05:00,15.279999732971191,15.454999923706056,14.920000076293944,15.210000038146973,743100,0.0,0.0,0.0019762669544192146,2.0835615946218016,17.267999935150147,20.007579760517714,14.528420109782578,16.55999946594238,17.734999656677246,15.827500343322754,15.595000267028809,
2023-02-28 00:00:00-05:00,15.40999984741211,15.579999923706056,14.979999542236328,15.279999732971191,2025200,0.0,0.0,0.004602215295769874,2.0931505936622488,17.102999925613403,19.904115754156148,14.301884097070657,16.40499973297119,17.734999656677246,16.105000257492065,15.595000267028809,
2023-03-01 00:00:00-05:00,15.25,15.6899995803833,15.050000190734863,15.239999771118164,1053600,0.0,0.0,-0.002617798596338705,2.087671146976234,16.91049990653992,19.667287323228575,14.153712489851262,16.074999809265137,17.734999656677246,16.77749991416931,16.204999923706055,
2023-03-02 00:00:00-05:00,15.020000457763672,15.0600004196167,14.135000228881836,14.399999618530272,1197600,0.0,0.0,-0.05511812107634051,1.9726026359296154,16.68949990272522,19.507207259754846,13.871792545695595,15.442500114440918,17.352499961853027,16.96499991416931,16.204999923706055,
2023-03-03 00:00:00-05:00,14.399999618530272,14.899999618530272,14.050000190734863,14.359999656677246,1045200,0.0,0.0,-0.0027777752022682956,1.967123189243601,16.448999881744385,19.19831411187345,13.69968565161532,15.299999713897705,17.30999994277954,17.105000019073486,16.204999923706055,
2023-03-06 00:00:00-05:00,14.369999885559082,14.369999885559082,13.760000228881836,14.220000267028809,923700,0.0,0.0,-0.009749261350667227,1.947945191162707,16.250499868392943,19.041755374966826,13.459244361819058,14.865000247955322,17.164999961853027,17.105000019073486,16.204999923706055,
2023-03-07 00:00:00-05:00,14.199999809265137,14.260000228881836,13.68000030517578,13.699999809265137,555700,0.0,0.0,-0.03656824528824876,1.8767122536042045,16.0314998626709,18.901286168315178,13.161713557026621,14.775000095367432,17.125,17.139999866485596,16.239999771118164,
2023-03-08 00:00:00-05:00,13.630000114440918,14.06999969482422,13.380000114440918,14.06999969482422,1620000,0.0,0.0,0.027007291292723723,1.9273971681099171,15.80699987411499,18.548737639002347,13.065262109227634,14.53499984741211,16.97499990463257,17.139999866485596,16.239999771118164,
2023-03-09 00:00:00-05:00,14.130000114440918,14.300000190734863,13.31999969482422,13.520000457763672,868090,0.0,0.0,-0.03909020959416731,1.852054808837296,15.578499889373779,18.282142964816117,12.87485681393144,14.50499963760376,16.94499969482422,17.18499994277954,16.239999771118164,
